index,compressed_offset,compressed_bytes,uncompressed_bytes,crc32,installed_path
0,15019,4872,16824,0ec4143f,
1,19895,6928,21034,5f665cab,
2,26827,79399,140800,b7add685,
3,106230,9086,45056,acd49556,
4,115320,291,479,04fdd811,
5,115615,4508,9728,20cc89c5,
6,120127,1477,16882,340a814d,
7,121608,990,4183,8cfd354c,
8,122602,587,1410,88079753,
9,123193,302,506,267f5658,
10,123499,296,516,2d6540d4,
11,123799,10086,77876,6afe69bb,
12,133889,55445,148992,325aff99,
13,189338,28334,45019,62a3c54d,scores
14,217676,165,1144,945ff027,Icon.bmp
15,217845,5882,14883,767188de,Readme.txt
16,223731,26645,64768,07f1f672,Sights/Instr01.jba
17,250380,25175,64768,34136eda,Sights/Instr02.jba
18,275559,25292,64768,24969a78,Sights/Instr03.jba
19,300855,26702,64768,d84340cc,Sights/Instr04.jba
20,327561,27664,64768,a4cdefb1,Sights/Instr05.jba
21,355229,27176,64768,455a5566,Sights/Instr06.jba
22,382409,27726,64768,fd8c7121,Sights/Instr07.jba
23,410139,28036,64768,0183e07b,Sights/Instr08.jba
24,438179,25817,64768,24e2cd10,Sights/Instr09.jba
25,464000,24637,64768,d4bfda50,Sights/Disarm1.jba
26,488641,24379,64768,ef9d62c2,Sights/Disarm2.jba
27,513024,24716,64768,c71eb76c,Sights/Disarm0.jba
28,537744,22522,64768,cf70d6bd,Sights/Mission1.jba
29,560270,21431,64768,4eafa506,Sights/Mission2.jba
30,581705,23601,64768,350ef6ca,Sights/Mission3.jba
31,605310,359,64768,4a44897d,Sights/Missile.jba
32,605673,1555,64768,719699be,Sights/Good1.jba
33,607232,1656,64768,49675694,Sights/Good2.jba
34,608892,3096,64768,2f0929d3,Sights/Bad1.jba
35,611992,1771,64768,18008ead,Sights/Bad2.jba
36,613767,43722,64768,622bb20d,Sights/Desertop.jba
37,657493,44392,64768,a9c8cea9,Sights/Rivertop.jba
38,701889,36743,64768,812e08ef,Sights/Desermid.jba
39,738636,43502,64768,65540300,Sights/Deserbot.jba
40,782142,40313,64768,44054392,Sights/Rivermid.jba
41,822459,39729,64768,4bf324bd,Sights/Riverbot.jba
42,862192,2802,64768,537c95bb,Sights/Debris2a.jba
43,864998,13410,64768,df5617eb,Sights/Gemini1.jba
44,878412,13712,64768,dcf4afc5,Sights/Gemini2.jba
45,892128,14958,64768,f32f208d,Sights/Sloop.jba
46,907090,9330,64768,08600de6,Sights/Splash.jba
47,916424,15716,64768,89298128,Sights/Saddle.jba
48,932144,4209,64768,25c5ad49,Sights/Retro.jba
49,936357,960,64768,05361c24,Sights/Top_tab.jba
50,937321,2163,64768,596c77bc,Sights/Flake.jba
51,939488,2212,64768,ae703877,Sights/Font2.jba
52,941704,1119,64768,b6427a51,Sights/Top_hole.jba
53,942827,4758,64768,10feba76,Sights/Lid.jba
54,947589,4186,64768,8be8a7f1,Sights/Bat.jba
55,951779,929,64768,345c8bf9,Sights/Gemhead.jba
56,952712,1340,64768,22f380a7,Sights/Junk2.jba
57,954056,1227,64768,04fe09f7,Sights/Junk1.jba
58,955287,942,64768,22e6f217,Sights/Wheel.jba
59,956233,5187,64768,7001c2ab,Sights/Top.jba
60,961424,488,64768,e1a918d3,Sights/Target.jba
61,961916,7677,64768,e0d17416,Sights/Hydra.jba
62,969597,533,64768,f9eba384,Sights/Fireball.jba
63,970134,3164,64768,9a238908,Sights/Debris3.jba
64,973302,474,64768,d0dc18a6,Sights/Hole.jba
65,973780,8292,64768,65c3a656,Sights/Panel0.jba
66,982076,8252,64768,af35a59c,Sights/Panel1.jba
67,990332,13240,64768,b5aca6c8,Sights/Hull0.jba
68,1003576,13235,64768,1319d3d8,Sights/Hull1.jba
69,1016815,13020,64768,b748aeb4,Sights/Hull2.jba
70,1029839,12910,64768,3e8d40df,Sights/Hull3.jba
71,1042753,8135,64768,79de3c1e,Sights/Panel2.jba
72,1050892,7849,64768,9ddbada4,Sights/Panel3.jba
73,1058745,1665,64768,708fdef2,Sights/Debris1.jba
74,1060414,716,64768,c276c77a,Sights/Damage0.jba
75,1061134,685,64768,c27e08b5,Sights/Damage1.jba
76,1061823,2333,64768,aec3d3ee,Sights/Hub.jba
77,1064160,2453,64768,fe97603d,Sights/Motor.jba
78,1066617,3204,64768,0bdb9ff5,Sights/Miniexp1.jba
79,1069825,3399,64768,d34e2ef3,Sights/Miniexp2.jba
80,1073228,13092,64768,30c22384,Sights/Explode1.jba
81,1086324,13058,64768,e10dd2fd,Sights/Explode2.jba
82,1099386,9278,64768,0fdea90a,Sights/Skate.jba
83,1108668,2832,64768,9068a232,Sights/Ship.jba
84,1111504,10022,64768,a722c0cc,Sights/Rock.jba
85,1121530,385,64768,eb5214d8,Sights/Probe.jba
86,1121919,1430,64768,2ff97242,Sights/Flare.jba
87,1123353,604,64768,87ef5086,Sights/Drone.jba
88,1123961,2130,64768,2f6bf188,Sights/Chute0.jba
89,1126095,3413,64768,6121a904,Sights/Stinger.jba
90,1129512,10020,64768,a6f0037d,Sights/Rock2.jba
91,1139536,2645,64768,9c4ca82b,Sights/Copyrite.jba
92,1142185,6822,64768,c0e96dd7,Sights/Chute1.jba
93,1149011,6614,64768,fe2c885c,Sights/Chute2.jba
94,1155629,355,64768,c5ea2a4c,Sights/Bomb.jba
95,1155988,3281,64768,f2bff282,Sights/Blade.jba
96,1159273,3079,64768,ad0e8932,Sights/Frisbee.jba
97,1162356,23492,64768,d7d55fc2,Sights/Topflyer.jba
98,1185852,2073,64768,1ea7b50e,Sights/Smallogo.jba
99,1187929,1714,64768,98c9ed9e,Sights/Gameover.jba
100,1189647,6103,64768,0afab06d,Sights/Choose.jba
101,1195754,24485,64768,2e309a51,Sights/Order4.jba
102,1220243,6256,64768,aa4e3197,Sights/Configur.jba
103,1226503,1366,64768,ec96198e,Sights/Copyrit2.jba
104,1227873,7306,64768,ec48213b,Sights/Skill.jba
105,1235183,25522,64768,9f68d8c2,Sights/Order5.jba
106,1260709,4614,64768,8e1a6960,Sights/Arrow.jba
107,1265327,392,64768,ebda04fa,Sights/Redprobe.jba
108,1265723,9330,64768,08600de6,Sights/Splash0.jba
109,1275057,385,64768,a268a35c,Sights/Square.jba
110,1275446,25655,64768,e3c3d6d3,Sights/Minidrg.jba
111,1301105,476,64768,230556d7,Sights/Miniprg.jba
112,1301585,6688,10732,8b098893,Sights/River.jba
113,1308277,5877,8923,b49a4e20,Sights/Screen.jba
114,1314158,1524,7494,41498f46,Sights/Logo.jba
115,1315686,468,64768,774b6e3b,Sights/Miniprr.jba
116,1316158,472,64768,b03f5ff6,Sights/Miniprb.jba
117,1316634,9256,64768,9e1c7b70,Sights/Wincred.jba
118,1325894,21482,64768,f141f6d6,Sights/Titlesh.jba
119,1347380,40708,64768,623656a1,Sights/Order2.jba
120,1388092,4376,64768,a7c04679,Sights/Order1.jba
121,1392472,43481,64768,708c7722,Sights/Order3.jba
122,1435957,7363,11776,6754fd25,Sounds/Msidle.wav
123,1443324,47096,80684,482a08f6,Sounds/Test.wav
124,1490424,18476,22572,96660a70,Sounds/Air.wav
125,1508904,3439,3972,24ebd542,Sounds/Attach.wav
126,1512347,5838,9900,d819a6b7,Sounds/Bomb.wav
127,1518189,5838,9900,d819a6b7,Sounds/Missile.wav
128,1524031,267,7772,c0622ffc,Sounds/Beeps.wav
129,1524302,20798,29356,bc6cd07d,Sounds/Boss.wav
130,1545104,1186,2244,a56d07de,Sounds/Button1.wav
131,1546294,137923,240962,0c9bbe0a,Sounds/Choral.wav
132,1684221,9315,17792,f477403c,Sounds/Close.wav
133,1693540,5739,9020,ca7c4420,Sounds/Damage1.wav
134,1699283,90707,181036,510f4465,Sounds/Deepness.wav
135,1789994,104923,172814,9c02b592,Sounds/Detonate.wav
136,1894921,15136,21420,c0aa232b,Sounds/Doorclos.wav
137,1910061,15126,21420,3ba523f0,Sounds/Dooropen.wav
138,1925191,33240,41004,801025ee,Sounds/Drone.wav
139,1958435,20022,29676,e7eceef9,Sounds/Explode2.wav
140,1978461,37559,59560,193690e3,Sounds/Explode3.wav
141,2016024,19327,25644,d8a7fe51,Sounds/Explode4.wav
142,2035355,41330,48448,57e06072,Sounds/Expscale.wav
143,2076689,61046,77226,32ca0237,Sounds/Firebal2.wav
144,2137739,8565,13850,6ceef007,Sounds/Gemini.wav
145,2146308,5531,6540,ed1e8c0a,Sounds/Gnihs.wav
146,2151843,52409,57830,5172f164,Sounds/Hintdron.wav
147,2204256,5519,7352,1c972954,Sounds/Ignite2.wav
148,2209779,75729,86088,d5b5d921,Sounds/Level1.wav
149,2285512,55893,64100,9e808b6a,Sounds/Level2.wav
150,2341409,43915,76972,1febb42b,Sounds/Lowbees.wav
151,2385328,244906,768044,2835396c,Sounds/Moon.wav
152,2630238,9189,17792,8ba2b149,Sounds/Open.wav
153,2639431,3159,4148,18bbacb8,Sounds/Parachut.wav
154,2642594,33521,48480,97ed5c60,Sounds/Probe3.wav
155,2676119,22325,47660,f99ffc8a,Sounds/Pulse.wav
156,2698448,19153,20972,fb591da6,Sounds/Retro1.wav
157,2717605,8182,21040,fbe04fa6,Sounds/Shatter.wav
158,2725791,2216,2498,f7f7eaa6,Sounds/Shields.wav
159,2728011,8240,14220,ea073eb6,Sounds/Shing.wav
160,2736255,4471,7036,2011e84c,Sounds/Snapshot.wav
161,2740730,38405,72276,de2a621a,Sounds/Sparks.wav
162,2779139,31720,62508,a7c0502b,Sounds/Splash.wav
163,2810863,18722,26860,0783931d,Sounds/Squad1.wav
164,2829589,10644,24236,0167964a,Sounds/Squad10.wav
165,2840237,31040,90924,33cbe808,Sounds/Squad11.wav
166,2871281,66907,208940,fe736291,Sounds/Squad12.wav
167,2938192,31419,55340,d4ed285d,Sounds/Squad13.wav
168,2969615,26020,71724,6a86b66a,Sounds/Squad14.wav
169,2995639,28947,50348,99bec67b,Sounds/Squad2.wav
170,3024590,29551,58668,f9e5823d,Sounds/Squad3.wav
171,3054145,38711,71468,2073151f,Sounds/Squad4.wav
172,3092860,22048,50860,f162c8b1,Sounds/Squad5.wav
173,3114912,60305,122924,aed04214,Sounds/Squad6.wav
174,3175221,35203,64300,0fd30f25,Sounds/Squad7.wav
175,3210428,54373,150060,2a8cfb98,Sounds/Squad8.wav
176,3264805,12126,43052,61d67e78,Sounds/Squad9.wav
177,3276935,21643,34026,6cc1ef36,Sounds/Stinger1.wav
178,3298582,173593,271890,70cf5d72,Sounds/Suspense.wav
179,3472179,4201,10416,44edeb7a,Sounds/Target1.wav
180,3476384,244693,480300,9a501db2,Sounds/Thunder2.wav
181,3721081,28206,43142,cbde63df,Sounds/Bigexp3.wav
182,3749291,101485,184940,6a2a0029,Sounds/Death8.wav
183,3850780,677,2248,4d180f72,Data/Swoop.fly
184,3851461,407,1436,c19d258a,Data/Leftdive.fly
185,3851872,405,1537,48866e5f,Data/Rightdiv.fly
186,3852281,1110,6085,3319f7a0,Data/New.fly
187,3853395,798,2913,d1c85dca,Data/Newcurly.fly
188,3854197,1422,11701,4f7ea9d9,Data/Swarm.fly
189,3855623,1799,5650,1c1f6375,Data/Current.fly
190,3857426,3680,11726,d8d9ed2c,Data/Frisbee1.fly
191,3861110,1765,5454,a1fc09e4,Data/Frisbee2.fly
192,3862879,930,4514,56410eab,Data/Loop.fly
193,3863813,659,2583,4d3e6bbd,Data/Leftdrop.fly
194,3864476,584,2511,ada2319b,Data/Ritedrop.fly
195,3865064,3969,102089,400b8e1a,Data/Demoa1.dat
196,3869037,4099,102092,b8007d65,Data/Demoa2.dat
197,3873140,3229,98370,046b4293,Data/Demob1.dat
198,3876373,3558,99141,6d3f0895,Data/Demob2.dat
199,3879935,3725,98960,d5b1f515,Data/Demob3.dat
200,3883664,3998,102132,d9062044,Data/Demoa3.dat
201,3887666,3786,101753,4f04af55,Data/Demoa4.dat
202,3891456,1420,3770,59670a2f,Order.txt
203,3892880,92033,188928,6f9be69b,Drone_sw.exe
204,3984917,871,2047,9a657357,Ordrform.txt
205,3985792,1477,16882,340a814d,
206,3987273,283,471,4c25aef7,
