path,bytes,sha256,extension
Data/Current.fly,5650,606b02c19571a4e0c89ff0dc8fde52e16a81233b9e8ed6279ee5aba060cbf35c,.fly
Data/Demoa1.dat,102089,69ff4a3190aaad1da38c0fc566a5933ae121e331c1d41f441eec9f919ae8857d,.dat
Data/Demoa2.dat,102092,199f2d24a4e20eaa0dcb4b94d4b1c940ae6aaa676468534fdc72ff4fb5be3454,.dat
Data/Demoa3.dat,102132,1a232b1a4b688c41daa8e4098da8f78fe55c5767991ea71a53af9cd99d34c259,.dat
Data/Demoa4.dat,101753,56f3f0625667a722d78b07815e2c310c80f8b110bb26b3b4199abc03dabfc185,.dat
Data/Demob1.dat,98370,0d1c9a03bb1537e940835b6fd0133f888b861fd0f04ff151f4b601149cccb325,.dat
Data/Demob2.dat,99141,f89c225e2cb9eb8491b7ce63307510a550359aed991386a1ab7d0cf0fcd492d8,.dat
Data/Demob3.dat,98960,fa1c1027a898205f672a65b3eb38c8a29d0448eb3bf4048435aa6d2b3207fe34,.dat
Data/Frisbee1.fly,11726,77659b475da4b24539f47cf3a0271c79a420000fe47313076a9873ab9c243091,.fly
Data/Frisbee2.fly,5454,4f233775a27037644126542c35e61fc5fde17c5e0113a6f6e85b28988ab9f651,.fly
Data/Leftdive.fly,1436,1b48c712f316526d7a142272f32e8777a3941aa12e984426fdeef80568742a57,.fly
Data/Leftdrop.fly,2583,46715ff0c32e9e1fe645d48260f31f5c29069c1b5c89ae5adef5b44a83028a32,.fly
Data/Loop.fly,4514,ece122e35ba1e2f047a40192a1c1de09245e94cf809f5ad28d880c949c05f95d,.fly
Data/New.fly,6085,f09fd6915c07a440a2edef8860411492ee0b93e0eae6b57a24178d1fc4dc8401,.fly
Data/Newcurly.fly,2913,0230196d643d79a8331071156051e101ab41e24f4f1dc06dc1f0388a07bc056f,.fly
Data/Rightdiv.fly,1537,5d16aff5aa01b5e64f45b7038b7d9270a196cbc7cddf36498e4b170ec145dbcc,.fly
Data/Ritedrop.fly,2511,6473f2edbeb5535049886910a42ffe67c6b44d714e01a0ff39266e223dcff1cf,.fly
Data/Swarm.fly,11701,c19a2b62add64cef4953a01174b97e13a0d10917d701b8120eb5d1b8e9e14827,.fly
Data/Swoop.fly,2248,dce0bffe0b9119603fc27a94fbb00afd102a248b3980451d072ddda00cff5982,.fly
Drone_sw.exe,188928,4fffc0406157b0def539b619fa53d1bb6c59537a44a6551df3aa3c060eaf3784,.exe
Icon.bmp,1144,954ab2d04fa1f8e7fc006795f99eec06a411fcc7f8e2ac864d6b641576083306,.bmp
Order.txt,3770,35ea681f8b5bf1d4e59aa9cc57ed2f0a30b4e76730929f3e30335df6ce434349,.txt
Ordrform.txt,2047,e4236fda2fef9dbd9caaded559f2420f93da4e5b0c626a4a96097d44a5afc8fa,.txt
Readme.txt,14883,b64fa269cf96bca781941677d4500740ac8f675d4d0459f6b668f80ccf5901ec,.txt
Sights/Arrow.jba,64768,629e4d7b404357e34cde2f7090a8aaa1c7c1d3447909a5b1e43caade10adeaf3,.jba
Sights/Bad1.jba,64768,7311c7cd082a6b95190bc8fa421ea3d9faffc1ae4ee8a9af4fdda7aac11f80b5,.jba
Sights/Bad2.jba,64768,0bb6648d283580f5c6ae0a93096b2c5305a6c928b4eb3dc05acbf6a46d02e9f5,.jba
Sights/Bat.jba,64768,3f45e8bf4166bad798f933845100bcf576a4cf963982330117963cafe4f34856,.jba
Sights/Blade.jba,64768,f6b51eaffdef0ab4520cebd2700a0e4c837f6ac620092011bfbfdbc5b1aae708,.jba
Sights/Bomb.jba,64768,484addd3985d764d7ab7e6841dceab86bcf31b1e947fc26632603b1ffd848457,.jba
Sights/Choose.jba,64768,4be1d9e9910dd0537cf440d474f7fd2acc55fa7c5b76dec5270b3285ae639a5a,.jba
Sights/Chute0.jba,64768,278d760b0474c3e8c9d5ee2a38141960b9d8debfcbae7cf78342bdc123530d33,.jba
Sights/Chute1.jba,64768,3b6191673a5699f7261e418474e4e3429dd22a0d5eb742331f98712a19bb4e79,.jba
Sights/Chute2.jba,64768,abd73a190b9d45513aedb2dddee04745490c127f20fd781c7e6ca0b89644a33f,.jba
Sights/Configur.jba,64768,e5eef69348905ffa29d1f5f782e2b9c95104a9b7ba0774682ad4e5557bec66a6,.jba
Sights/Copyrit2.jba,64768,c8a53709a631b161172735011b35acba37b3419f6a66ffb7e62a1792dc7f28da,.jba
Sights/Copyrite.jba,64768,1daf1b23c95620bd0b0948f33074c3606905db0afbddf19224b9cdca170d3167,.jba
Sights/Damage0.jba,64768,a1754ee278c42ded89c0e0fab89e21028dfd650253877df2e289e02e4526e114,.jba
Sights/Damage1.jba,64768,65cbaf12edcaa5a2ee0318d31d606cdb54aae5e4ebbc8e055d277e76bab61682,.jba
Sights/Debris1.jba,64768,285d251f2bffd58ead291b063a6ccaf39527425888e93dca8f48fe87e68bd901,.jba
Sights/Debris2a.jba,64768,5339ddd766a5548a097b53b8b8eb444b129197449102bcb3f2331ffbc7478888,.jba
Sights/Debris3.jba,64768,0baf6d38a47e33360668270978088b109384c5596b1150ec22cdd52d28a2191c,.jba
Sights/Deserbot.jba,64768,2fad5a1045952789297f7c1ce4a1664ef0177228899eb2314ca4d3044eb6fbf6,.jba
Sights/Desermid.jba,64768,806a7fe30e2c3319bebe00b2aed4f08eacf69c827a25d4c118f0290cedbbf13a,.jba
Sights/Desertop.jba,64768,e6a6d00565b6d8da454766464d1cbe6050cd32c138c1e5efb0707b1461b127b6,.jba
Sights/Disarm0.jba,64768,24e613f89985874f97bb678f4c91080288515ae73610b2c48a25927fb0558a3e,.jba
Sights/Disarm1.jba,64768,2ee8d655106033ae08071d5d1512ac2cf178d0906fc30d0160fe2bf37e01c37b,.jba
Sights/Disarm2.jba,64768,d3b4135a9987b7aa5d703586a1321ba66c0c1ee2b9d175d05ba2707b9b155fd3,.jba
Sights/Drone.jba,64768,8adcc7be0132db0464c790272c64655120ab6cfb4883c36d4419407f2c420cdf,.jba
Sights/Explode1.jba,64768,e5208468e610195c924b55cd6ea99352692c1fa74941fb6a148f9e8b1fc47ee9,.jba
Sights/Explode2.jba,64768,eca43f59b3016599936f0c4fb8e904f5fc155288918eabbaf2fdc1f9ca52d80e,.jba
Sights/Fireball.jba,64768,03f1972bd7e02f4cee94333ff415740432a89da62a83df854136c58721b5ba2d,.jba
Sights/Flake.jba,64768,f0e938886179c6e0b49633e0c479a77fae4aad0b74f7f9aa6faa60fb503ea857,.jba
Sights/Flare.jba,64768,e10d48a42fa00d7bf43ae1ae7dc5a0b0df9ba485b422065ede71032583043588,.jba
Sights/Font2.jba,64768,074d307d53cb5d258eaa1d9c750d88a806cb6029499c0e71c2c2471f5436e3ae,.jba
Sights/Frisbee.jba,64768,df7a5160de36b0d4f43ffa67db612ee62d35787745328d2c8bee78b8eb38e925,.jba
Sights/Gameover.jba,64768,d397d1411321c7c3892a61dae5baa0be6a9d9c3112bd039b90167f5a1d20bc02,.jba
Sights/Gemhead.jba,64768,2eedcca9a6aab515c35bcbcba041f2189cb11da73ea8059095b2f4e08c441663,.jba
Sights/Gemini1.jba,64768,e4030574fdd887a1f5a48d8a0780ce99d4d716998b440952063930df9ff8e538,.jba
Sights/Gemini2.jba,64768,41efab84068a3f78cd67117b50a7c94cc9a2f975533e986d259ee5460e5e402f,.jba
Sights/Good1.jba,64768,d7b28cadacb5084abbde39fdc48cab840feccd5f16597c50aa7c3a1647a16b25,.jba
Sights/Good2.jba,64768,635adbd52ba1e2f0a55ead35e27357cd8331953674d925e25cee5f06ee3d2362,.jba
Sights/Hole.jba,64768,191418a080546f6066dae96abc7e1e41c129904708c59fe6da43eb41e851bdca,.jba
Sights/Hub.jba,64768,0672dfa1fefbd5f14a0d209018b53c2cb8c22a912844193c421edf9bf1bb02e5,.jba
Sights/Hull0.jba,64768,6ebc9ac4c1ed8a5e934aa0efb17a90710daf34e6014d78b9a449cc25e2fdc425,.jba
Sights/Hull1.jba,64768,9a418b7d55d0b0682bebef907cf90cb5ffc0190b20b8aecb71e7ac1ec321c11d,.jba
Sights/Hull2.jba,64768,4e031f0facc5748b99a778264b8af9d6123e35d6dd166cf493be6064209dd429,.jba
Sights/Hull3.jba,64768,ae82266c4b357e65c493a75a1a21047259c65fbe65321f164a410f6025d2825c,.jba
Sights/Hydra.jba,64768,5fb130ca54513ed2d7560cae1d7efc4e2c56e457338a22754824cd4f57968edb,.jba
Sights/Instr01.jba,64768,2f1b556b0c1d122968a7fcbbba435d0384442e32ce09f681b3410c8607341447,.jba
Sights/Instr02.jba,64768,0c792a94daa3f1b3456c6397717427f2b5a1c716e7da3a05cace3122dadb780c,.jba
Sights/Instr03.jba,64768,b6f9de49d29d3dc60ec04954900d6a57e0b20c95190e0ff6988bf18a50734a8c,.jba
Sights/Instr04.jba,64768,ad4ac7efb40c3ee8bead816d348dda2a57e462cae41e628e222275ebf4edd2f3,.jba
Sights/Instr05.jba,64768,888ccce79e8abe92d3269223cb3ee2e962ff82f0b61f36305811aa1fcf1942df,.jba
Sights/Instr06.jba,64768,0eb5e0aad2a0b41ee8ef59cec89cd91a5605fd34fc4cfce809c733da0bb8acc2,.jba
Sights/Instr07.jba,64768,ad840b7b5a8c7f0ac33861023db385a56228658421b56464ddf99ee1f901b3a4,.jba
Sights/Instr08.jba,64768,83e49b4c2a336fe0f3d17ca1e0ec5d5cd1666ab7f2d0aadd900bd5515b8829a0,.jba
Sights/Instr09.jba,64768,38f2273523f24d61ff26d520a04ffe81db71b07796a6da1a37a678894bdb5d8a,.jba
Sights/Junk1.jba,64768,c3d195278d1b852cbfa2f9ea980feda2b4ef4f0869c7d0288d30e121cc31a14b,.jba
Sights/Junk2.jba,64768,7aedcd75598ca1fab8cba9bce48db3c4131d2ee370b018fefd7cc1d6320746ef,.jba
Sights/Lid.jba,64768,d881e692528dd06e347585b829e66c03cdef6e006c3ac485fc9ebc349fe10f9f,.jba
Sights/Logo.jba,7494,14836addb21e3f041f90b79f779d416478c061742f9b91e8dc0f017937296525,.jba
Sights/Minidrg.jba,64768,d2fae573f067c7ed18f5055ea98e1ceed94d5d7864ba5ef30454f0d797fd971f,.jba
Sights/Miniexp1.jba,64768,ea91a7ea22aa3d0bbf18e0aa35da982d57d75e1e3d7031cc62007ae8a61c7aa3,.jba
Sights/Miniexp2.jba,64768,7a2da0cd2316d82400e078ff5d66cc895a1569ebacb71aa012f1f634e8e845da,.jba
Sights/Miniprb.jba,64768,e000548a423812671fac03374116d1a78555d7f2fcd804553e5cc758e5e10fdd,.jba
Sights/Miniprg.jba,64768,4ee64de23069ac9a3f5cfd8fcd04ec9c5f5af3bb20bfbe8c832e7179f95d0d87,.jba
Sights/Miniprr.jba,64768,9296c2c78289da22bce66460b48f36e9f80c785036c66eed7460bb3bed235f76,.jba
Sights/Missile.jba,64768,bb7a69a5c628a71fbaab5c92e6e0dc8588bc543c99aad009ebe3064e908d97bc,.jba
Sights/Mission1.jba,64768,dd37e6035940887b5bfbe2c0ff893e7c4f20321b6a43eafd34ca30524337b2e2,.jba
Sights/Mission2.jba,64768,df5a2bd8e9d50f803ce41f23f5a4a010b3202d38c08eefef18229e0d5f43b01e,.jba
Sights/Mission3.jba,64768,323c3cd46402de6c2eed2493f5bcb3ca5d5d75cf43b99db4bd89999bd9a159f6,.jba
Sights/Motor.jba,64768,40dd2763939b6bfb197423d1fdc9372afe1d13d3031f46d8aba4f5c37179cb8f,.jba
Sights/Order1.jba,64768,09ba34689ec858abbfeaca3216197ad95e135d13a3bd8460e17f63e413c15b1d,.jba
Sights/Order2.jba,64768,2a935efb068357710d70e67f1a0a014266317cc779d0e8aa6629b8528fb29f1f,.jba
Sights/Order3.jba,64768,4e4c4e6d0dc379737fe478101c9ec91a650ff793a12ce9cb389bee91c1bdb01d,.jba
Sights/Order4.jba,64768,bd555b776c478f6b5f9d79c9ef58ba37e6291e659b1246a7abfceadf05caa642,.jba
Sights/Order5.jba,64768,ec7b4a086cc40b3f36c2c189067397f0a139933f60b27a446d02e6b95f724a31,.jba
Sights/Panel0.jba,64768,dce459f61b16be5f764bd5a79bc912093d78f824e6356c2ee988fd0c54ec2b48,.jba
Sights/Panel1.jba,64768,cd7ff790009de310cbb8d9db63db048f9c3e9c8c1b319e22d0bd037225d53b0a,.jba
Sights/Panel2.jba,64768,8d4329893940c62409466ae01dff2692341426af35b4ee82fd9be82490311bcb,.jba
Sights/Panel3.jba,64768,17e851f0607b297a585ea6ca0cf36ba581cfc531bbb6fcc28c1f2d9b9966857b,.jba
Sights/Probe.jba,64768,5ed1228dff3a0d807d4dffc1eb9fceaf18c8aa81bfdd78ef49aa40d94b8695a4,.jba
Sights/Redprobe.jba,64768,e2a73ff72af3ad05229c01aceb0bcbf0d056f6e78725ac9d7b1a4d5ec51b9548,.jba
Sights/Retro.jba,64768,2a1abc3e267be2a01ee345437400284fc28a09ac9b86a94d381a1c750da9fe3e,.jba
Sights/River.jba,10732,df4622fa4fa2894010d68edbacdd111c9ae1a3606b87a21c58522af49fbb327c,.jba
Sights/Riverbot.jba,64768,290b8e24607f2df930bc9336d5dadd7db263bf16ce788523af796b2788d6b3f3,.jba
Sights/Rivermid.jba,64768,02ed5ec12f33d0a2ab29820d725aaa155f1438c8cad5568ebab05eb6747dded2,.jba
Sights/Rivertop.jba,64768,adf92cebd316bb9809e72e88d5401b7e19840a4394f60aa34568f40e6c4bfb71,.jba
Sights/Rock.jba,64768,bc34510886a70fb31c8f01d77a6174e8073a19fca5b1f460afa257fe839e1ef8,.jba
Sights/Rock2.jba,64768,4a8e7c1ae1610cc9fb37acb0db6314c24e44d002cf0e79ce9156bf6ebbaa2d73,.jba
Sights/Saddle.jba,64768,fa536be212f393f8ab8f4167fffe2a4a3b67f24d11626480991065d21f364be2,.jba
Sights/Screen.jba,8923,28e8e648553589ae419343c9c276e5f32cd0aeb10207349f6c67800fd963749b,.jba
Sights/Ship.jba,64768,bcbfa44f3b5a3aeb03934545da8ac4504f8e8b44ffbd18da182ce4eb4f00752d,.jba
Sights/Skate.jba,64768,3a0f95fc09b133f5b4ded569ddc22c20ebdedce0e70127711d00fbefc68c9985,.jba
Sights/Skill.jba,64768,1dec2d0144a637151509c0bd873ef6ee73d90140935b34635be267445ab40411,.jba
Sights/Sloop.jba,64768,249552fb59d9f278816600d67d600e578450e2084c592e906234b79280fecedd,.jba
Sights/Smallogo.jba,64768,64a6801eb0dc212be4bd645caa2d521cec0ce2e6e7f2b0c7cef4300daf20653f,.jba
Sights/Splash.jba,64768,c912ab1b9f2491b8d2b4dbfd34926969c70354690c7ba1919541f38e3844c9d6,.jba
Sights/Splash0.jba,64768,c912ab1b9f2491b8d2b4dbfd34926969c70354690c7ba1919541f38e3844c9d6,.jba
Sights/Square.jba,64768,a274e41a98456643aeb36f40931d9eaefb1e92e642aa162aff38361793e2ae81,.jba
Sights/Stinger.jba,64768,99e3b0c26a7dfcb5f7116bc9cab22b980e37f90d7540331414d27d9d15c97abc,.jba
Sights/Target.jba,64768,9d80af7412d830dfd8230375944c79b2770a3602baa81c7932c20dd64c2619fd,.jba
Sights/Titlesh.jba,64768,d4e4e18119cb6f7f0ae1217e4ecc00364e4644c40aaf6c2035db34da93993dd1,.jba
Sights/Top.jba,64768,50285b7fc676ba2dcbc696a0b34a0d39f77871522c4387633bd462d16bf6f347,.jba
Sights/Top_hole.jba,64768,1bc1263c5c12a3e1da06cf48927eef349328c8d023358ad2c488a392b6c7d10a,.jba
Sights/Top_tab.jba,64768,049f64f19cafe3a8500bfc024accb470129b1814d414385bffc425918a8021d1,.jba
Sights/Topflyer.jba,64768,43d3c5a5e0a337962424269829470d52be2d47c4932f8cc0d5df8b7b6bb51b79,.jba
Sights/Wheel.jba,64768,bd6eda533ca6996ca925d11de2eec93ef24a519d033b3bf4e3d1adb8183ee1ce,.jba
Sights/Wincred.jba,64768,56452c1ffd4ad32043223ad63b9b09fd77bb0c3d875a509b85ae8eb8411bd264,.jba
Sounds/Air.wav,22572,b80b4d2af7100fdf95bc8c9d9bdf2904d88e7e6b00db886c3452129122885c00,.wav
Sounds/Attach.wav,3972,86a439e332bbab8bb4a5bc16748e09f6dbdaeebeb168cdd1b674dd507aaf61d4,.wav
Sounds/Beeps.wav,7772,045071a5694224eb11498d68907e11cc73fbdb649c68d8659872ae22ae47c337,.wav
Sounds/Bigexp3.wav,43142,259c0c13792ffc36afaaffeae78712c6e71508022182fd6ac3cd1c1cf5b29f80,.wav
Sounds/Bomb.wav,9900,452781eb6d4a2457526a49ecf6ff60a006d0ca7f2a94c4c7eead0dea73ba264a,.wav
Sounds/Boss.wav,29356,d9aec2b39960051c091368d138a0b4a24ef5b31b266f4f30e5651d611733d535,.wav
Sounds/Button1.wav,2244,0456140007003a8f276ff2a7942e75de4cf733a66144ec069b678b3a9eb08dc6,.wav
Sounds/Choral.wav,240962,2773a5609f0d0dd6c72a0c44e0ca48e7f15671bdbde3aac061f5d61d77f4c51c,.wav
Sounds/Close.wav,17792,5fafe938e5e55274a790d904cde76590a04cebe4dfad4a7630c106ede13a8c03,.wav
Sounds/Damage1.wav,9020,fa011db52056e06c6411223e79b4035ed8c564dae5c8e5ec49254f0df679056d,.wav
Sounds/Death8.wav,184940,bd62b22d4805f4e338026cc2097e009af3878199b1991053b8a9f45ecd16fa3a,.wav
Sounds/Deepness.wav,181036,8d6e6036e2e92bfb6c7e482aa565c52b7e3c4ce37438578d767e27153607e2c0,.wav
Sounds/Detonate.wav,172814,e2a34e6b9514f9842c49bf4e46e52e881d1d2f0b2e660d8aa1e0eee53418ab9e,.wav
Sounds/Doorclos.wav,21420,c30f1b74f5f53b71321b447d4e366a7a8e2c329766ac39c4fefe96f7efde71df,.wav
Sounds/Dooropen.wav,21420,ab8263f390955c15ca0f4200eb650b367f84cc13d46c041d0c3d76c3a2545e57,.wav
Sounds/Drone.wav,41004,536fac9bbd0856a49ba69980016d967a89d64dcc2dde91b97dd05d2ec3468b38,.wav
Sounds/Explode2.wav,29676,dfa4cac7e6ce53cfff1c413347d9b50b885a7378a656b7699b70e8970924a29c,.wav
Sounds/Explode3.wav,59560,bfd91851e8531dfbdea64929342f0dbeb615a22c0d5313f20e785855a637e08b,.wav
Sounds/Explode4.wav,25644,131da0abccfed0b07452101cba2c31de480c13c209ce464fad723278ea7c4782,.wav
Sounds/Expscale.wav,48448,7c2daa1516b3c42337837afce43f5907002fe5809c421d6480f73d14ec69ca49,.wav
Sounds/Firebal2.wav,77226,f32782fc069acd411581d980c6cdb92a0779d2750e528d7b397c5cfa4912c065,.wav
Sounds/Gemini.wav,13850,724c6a134ff4978ecddaa5a26f8340cba8a318fa484e9bb0969ed42dabbb6d2e,.wav
Sounds/Gnihs.wav,6540,ee295c1d01df98041023c9beb78a148f8b2d70bd59d1c8f7e1b24dc6b3807ab5,.wav
Sounds/Hintdron.wav,57830,03e9016faeba3152bffa2b67d9a5762634e939f1529c28bde41c4ba7a9f1eb09,.wav
Sounds/Ignite2.wav,7352,6514c4bf253d380b494f856b2b4acfd3261c7a19e3f360350017278519b26ddd,.wav
Sounds/Level1.wav,86088,1619f661a69e2cb53c7b631ca1ce84c07faa0f69fdf69ada7b8284562d5ff215,.wav
Sounds/Level2.wav,64100,99e18499e2b1f365156c938d48dc01fb62ebb250d0e06edebc661a8c19d894ed,.wav
Sounds/Lowbees.wav,76972,63229e0e5ce855a94750baa4a4427a5953f84f0d2c54d7a4d0347def84ca183c,.wav
Sounds/Missile.wav,9900,452781eb6d4a2457526a49ecf6ff60a006d0ca7f2a94c4c7eead0dea73ba264a,.wav
Sounds/Moon.wav,768044,773dbc28639cc605be7c0e713b4d244528ffc6f59a2304f822326727feb9c9c8,.wav
Sounds/Msidle.wav,11776,898613d2c7c724e5d98cad4a3f271431c839cb3e4fda82d284269dde26643512,.wav
Sounds/Open.wav,17792,a244c11365b89e81556abf548f687ac5a16585ade596c5fd2509365f47440a65,.wav
Sounds/Parachut.wav,4148,7f15294fce82e78613bfd5c9980f7c937c12cf7442d201ea8dd5a752eee93820,.wav
Sounds/Probe3.wav,48480,b7767cf150df6da0f002b770b7eba8e56afe898b1cb8a9695032dc218e8b5a67,.wav
Sounds/Pulse.wav,47660,f4078abd60b69183f089a5b3066cdfd3fe20030288a5d7512f96ef3b3083de55,.wav
Sounds/Retro1.wav,20972,108930558aefd942ac216860c624ac840ba04d5075768c5265aaacfd1dfda397,.wav
Sounds/Shatter.wav,21040,5f03b7f872a53d6a3ef77c7e0a5a3fad996132158c8621908a07ab6e34872c67,.wav
Sounds/Shields.wav,2498,b1c39f2a14eccc4f48d7a6e35fd5390aadeddf76ec55061500c03e238b646809,.wav
Sounds/Shing.wav,14220,afa99d823c09109686ae2c19fa921af4a0fad4a11d297e3e52187c269a2b9bff,.wav
Sounds/Snapshot.wav,7036,d195e08819f48a1267d97baac20498de477a340949ff70b9aa61225e28c60937,.wav
Sounds/Sparks.wav,72276,ce6ec27879a9159b6658a16c579434903cf85dd3636f398fd9157a3c090db3eb,.wav
Sounds/Splash.wav,62508,5ba9e93cf7c0b9d65e3fc33f8cf46cff2debdc40b534a6adf3688ce4fb9e8bde,.wav
Sounds/Squad1.wav,26860,f9b0584833cc63c5a40dd05a34179b3dcfde67d3d117c588b048273fa924f8a9,.wav
Sounds/Squad10.wav,24236,159377db2097b0eaba854fe5a6dd6b60258c8e8b7fdd4c1e3a39eeb98b729cfc,.wav
Sounds/Squad11.wav,90924,87ac2e15d101ca09e863673fd666b7b4281d03d3afeebc3ac6d622353b3ae5aa,.wav
Sounds/Squad12.wav,208940,b18a114065368e2404bf0b03cfd0623799fdfc98427ff58b9c10fe78d4ab4378,.wav
Sounds/Squad13.wav,55340,b22bdb9782f87bc482c8f394d3d463733705e4f3043af6ab8cd4714d7bb26852,.wav
Sounds/Squad14.wav,71724,2432686ed9206fe24152797ce91cbb94c0967aed051a32b373fec0208ace41ca,.wav
Sounds/Squad2.wav,50348,1954e9db6e0742993132235a825afcd604d5d402ba1fd3205cf995c473ebfc5d,.wav
Sounds/Squad3.wav,58668,c22e9359cf1181736db4f30dc39aa30501dcfdf2c38986fb49413ea839212600,.wav
Sounds/Squad4.wav,71468,2af678b2b25d6a40f3e1aebe89736d380f1072e3ad47ace5479b027131ec7abd,.wav
Sounds/Squad5.wav,50860,7bdb8ea3c8319e09e52b0764e82ea13db2bdfee142861cc4273df094718cddde,.wav
Sounds/Squad6.wav,122924,35f92703141db299632cb6ac2192b4fddf22013298123e0ad93366fe150589ed,.wav
Sounds/Squad7.wav,64300,f63a6ad590d0712426beb7429336b69cbf59ad471b444871daad99dc5b817286,.wav
Sounds/Squad8.wav,150060,0a9dfc8bc60d5da8cc624250e38ca6c3b0c39d940f19a30136469b406386e0c2,.wav
Sounds/Squad9.wav,43052,26c7fd28c485dcc53e5d1001eb2990e5d41443393e23200da41336d80d8ab5e2,.wav
Sounds/Stinger1.wav,34026,f8661de57ff6f2a93e3f05b270faa89e0a6ded438760c3facd0a20618ebc646e,.wav
Sounds/Suspense.wav,271890,5e5c697f1bf5eb78161b803b1d4c73dda2aef24d4cdb2e8801b1f3b256acb30d,.wav
Sounds/Target1.wav,10416,541daa97ad37035077248a9849a3c0502c91599d0fabccdf15e0dc58a00445bb,.wav
Sounds/Test.wav,80684,5ff921965c29cfb67e522047c27aa34476b2f1da4101db7e9a8d0c1a32c72b0e,.wav
Sounds/Thunder2.wav,480300,f1551d427c9dd3ffd9cbe156a4a5ef9fa206d712784ca71f0bedf980221db000,.wav
scores,45019,a36a2854babb997dbdef2f406ba6025c4961b67ff6b53f16a60079e6a5dc54d4,
