id,platform,base_or_context,size_or_stride,provisional_name,confidence,status,evidence,next_step
WIN-STRUCT-001,windows,0x00466C90 FONT2 glyph table / 0x00401470 lazy initialization,0x14,font2_glyph_descriptor,high,established,64 records from 0x00466C90 through 0x00467190; indexed by character-0x20; exact x/y/7x5/mask-pointer fields and DOS counterpart established,No gameplay/entity follow-up required; presentation parity may verify historical unsupported-character behavior
WIN-STRUCT-002,windows,0x00401780 init / 0x00401660 blit / many 0x154 loops,0x154,sprite_entity_154,high,established,"initializer/blitter/free plus collision/destruction/tail corpus establish common core, contextual overlays, reserved block and exact DOS field correspondence",Do not copy raw layout into clean engine; deeper family-specific behavior stays with the owning gameplay subsystem
WIN-STRUCT-003,windows,trajectory groups e.g. 0x00495CF0 / 0x00497E38,0x2148 fixed group stride; 0x14 header + inline 0x154 objects,trajectory_group,high,partial,0x00415FA0 iterates pool 0x00495CF0 with 0x2148 stride; header lifecycle/path fields and inline entity stride established,classify remaining dynamic special-family substitutions/producers and any template-independent header fields
WIN-STRUCT-004,windows,0x004012B0 loader / 0x00401900 allocator,at least 0x4498 bytes,jba_sheet_container,medium,partial,pixel allocation pointer stored/read/freed at +0x4494 by 0x00401900/0x004012B0/0x00401860/0x00401450,identify purpose of earlier 0x4494 bytes and allocation/ownership of the container itself
WIN-STRUCT-005,windows,0x0042F200 rapid-fire missile pool,8 * 0x154,rapid_missile_entity_pool,high,partial,"pool init, Ctrl allocation, update, collision and render loops all index common WIN-STRUCT-002 stride",map missile target-specific collision consequences while reusing established common-entity fields
WIN-STRUCT-008,windows,0x00472598 Mothership core target entity,0x154,mothership_core_target_entity,high,partial,common init at 0x0040832E; +0x142 state at 0x004726DA; positioned relative to Mothership composite; state-4 Stinger collision enters state 2,classify core states other than 0/2 and identify any visual/frame ownership for this 16x12 target entity
DOS-STRUCT-001,dos,data offset 0x00006F80 / 0x000809B0 FONT2 lazy initialization,0x14,font2_glyph_descriptor,high,established,"64 records; same 16x4 7x5 FONT2 geometry, allocation field and character-0x20 indexing as Win32",No gameplay/entity follow-up required; retain as exact cross-build UI structure witness
DOS-STRUCT-002,dos,0x00068220 init / 0x00068300 blit / repeated 0x14F loops,0x14F,sprite_entity_14f,high,established,"initializer, transparent blitter, frame release, collision/destruction and tail scoring map field-for-field to Win32 family with systematic layout delta",Keep DOS offsets separate; use semantic correspondence only
WIN-STRUCT-006,windows,0x00455B88 working dynamic-palette RGB record origin,0x44,dynamic_palette_record,high,partial,0x00403490/0x0041EE90/0x0041EFE0 use 0x44 stepping; RGB and context-specific control offsets recovered,Do not force all context-specific controls into one clean struct; deeper unused fields require no Phase-3 blocker status
